CVE_ID,Title,CVSS_Score,EPSS_Score,Severity,Risk_Score,KEV,NVD_Status,Premium_Tier,Intelligence_Richness,Published_At,Source_URL,NVD_URL
CVE-2024-40766,"CVE-2024-40766: The Patch Fixed the Bug. Nobody Fixed the Configuration., (Tue, Jun 23rd)",9.3,0.4,CRITICAL,9.0,YES,PRELIMINARY,GOLD,8.5,2026-06-23T03:02:34Z,https://isc.sans.edu/diary/rss/33094,https://nvd.nist.gov/vuln/detail/CVE-2024-40766
CVE-2026-20253,Critical: 22nd June Threat Intelligence Report (CVE-2026-20253),9.8,0.1004,CRITICAL,9.0,YES,PRELIMINARY,GOLD,8.0,2026-06-22T16:00:02Z,https://cve.mitre.org/cgi-bin/cvename.cgi?name=CVE-2026-20253,https://nvd.nist.gov/vuln/detail/CVE-2026-20253
CVE-2025-55182,Critical: Prevent data exfiltration: AWS egress controls for cloud workloads (CVE-2025-55182),10.0,0.9956,CRITICAL,9.0,YES,PRELIMINARY,GOLD,8.0,2026-06-22T15:53:05Z,https://cve.mitre.org/cgi-bin/cvename.cgi?name=CVE-2025-55182,https://nvd.nist.gov/vuln/detail/CVE-2025-55182
CVE-2024-12802,"Critical: The Patch Fixed the Bug. Nobody Fixed the Configuration., (Tue, Jun 23rd) (CVE-2024-12802)",9.1,0.4,CRITICAL,9.5,YES,PRELIMINARY,GOLD,7.5,2026-06-23T03:02:34Z,https://cve.mitre.org/cgi-bin/cvename.cgi?name=CVE-2024-12802,https://nvd.nist.gov/vuln/detail/CVE-2024-12802
CVE-2026-12112,CVE-2026-12112: A flaw was found in the foreman-mcp-server. A session management vulnerability in th,7.8,0.144,HIGH,7.8,NO,PRELIMINARY,GOLD,7.0,2026-06-23T21:16:54.823,https://nvd.nist.gov/vuln/detail/CVE-2026-12112,https://nvd.nist.gov/vuln/detail/CVE-2026-12112
CVE-2026-10749,CVE-2026-10749: The Post Duplicator WordPress plugin before 3.0.15 does not safely handle custom met,7.2,0.3,HIGH,7.2,NO,PRELIMINARY,GOLD,7.0,2026-06-24T07:16:25.970,https://nvd.nist.gov/vuln/detail/CVE-2026-10749,https://nvd.nist.gov/vuln/detail/CVE-2026-10749
CVE-2026-11820,"CVE-2026-11820: Module: plugins/modules/nexmo.py

CVSS 3.1: 6.5 MEDIUM  AV:N/AC:L/PR:L/UI:N/S:U/C:H/",6.5,0.298,MEDIUM,6.5,NO,PRELIMINARY,GOLD,7.0,2026-06-23T21:16:54.593,https://nvd.nist.gov/vuln/detail/CVE-2026-11820,https://nvd.nist.gov/vuln/detail/CVE-2026-11820
CVE-2026-47378,"CVE-2026-47378: NocoDB is software for building databases as spreadsheets. Prior to 2026.04.1, Publi",5.5,0.239,MEDIUM,5.0,NO,PRELIMINARY,GOLD,7.0,2026-06-23T21:16:59.557,https://nvd.nist.gov/vuln/detail/CVE-2026-47378,https://nvd.nist.gov/vuln/detail/CVE-2026-47378
CVE-2026-47279,"CVE-2026-47279: NocoDB is software for building databases as spreadsheets. Prior to 2026.05.1, the p",5.5,0.239,MEDIUM,5.0,NO,PRELIMINARY,GOLD,7.0,2026-06-23T21:16:58.953,https://nvd.nist.gov/vuln/detail/CVE-2026-47279,https://nvd.nist.gov/vuln/detail/CVE-2026-47279
CVE-2026-4297,CVE-2026-4297: The Welcome Software Publishing plugin for WordPress is vulnerable to Arbitrary Optio,8.8,0.463,HIGH,8.8,NO,PRELIMINARY,GOLD,6.5,2026-06-24T07:16:27.310,https://nvd.nist.gov/vuln/detail/CVE-2026-4297,https://nvd.nist.gov/vuln/detail/CVE-2026-4297
CVE-2026-41862,"CVE-2026-41862: Spring Statemachine's Kryo-based persistence backends (JPA, MongoDB, Redis and ZooKe",8.8,0.423,HIGH,8.8,NO,PRELIMINARY,GOLD,6.5,2026-06-23T21:16:57.820,https://nvd.nist.gov/vuln/detail/CVE-2026-41862,https://nvd.nist.gov/vuln/detail/CVE-2026-41862
CVE-2026-7574,CVE-2026-7574: Anthropic Claude Desktop Cowork VM image handling (confirmed across v1.1348.0 through,8.7,0.103,HIGH,8.7,NO,PRELIMINARY,GOLD,6.5,2026-06-24T00:16:34.173,https://nvd.nist.gov/vuln/detail/CVE-2026-7574,https://nvd.nist.gov/vuln/detail/CVE-2026-7574
CVE-2026-12851,CVE-2026-12851: Multiple OS command injection vulnerabilities exist in the libNetSetObj.so functiona,9.1,0.01684,HIGH,8.5,NO,PRELIMINARY,GOLD,6.5,2026-06-24T05:17:27.157,https://nvd.nist.gov/vuln/detail/CVE-2026-12851,https://nvd.nist.gov/vuln/detail/CVE-2026-12851
CVE-2026-12850,CVE-2026-12850: Multiple OS command injection vulnerabilities exist in the libNetSetObj.so functiona,9.1,0.0172,HIGH,8.5,NO,PRELIMINARY,GOLD,6.5,2026-06-24T05:17:27.020,https://nvd.nist.gov/vuln/detail/CVE-2026-12850,https://nvd.nist.gov/vuln/detail/CVE-2026-12850
CVE-2026-12849,CVE-2026-12849: Multiple OS command injection vulnerabilities exist in the libNetSetObj.so functiona,9.1,0.01684,HIGH,8.5,NO,PRELIMINARY,GOLD,6.5,2026-06-24T05:17:26.890,https://nvd.nist.gov/vuln/detail/CVE-2026-12849,https://nvd.nist.gov/vuln/detail/CVE-2026-12849
CVE-2026-12486,CVE-2026-12486: Multiple OS command injection vulnerabilities exist in the libNetSetObj.so functiona,9.1,0.0172,HIGH,8.5,NO,PRELIMINARY,GOLD,6.5,2026-06-24T05:17:26.220,https://nvd.nist.gov/vuln/detail/CVE-2026-12486,https://nvd.nist.gov/vuln/detail/CVE-2026-12486
CVE-2026-56785,CVE-2026-56785: FlatPress contains a stored cross-site scripting vulnerability in comment and contac,8.2,0.243,HIGH,8.2,NO,PRELIMINARY,GOLD,6.5,2026-06-23T23:16:50.020,https://nvd.nist.gov/vuln/detail/CVE-2026-56785,https://nvd.nist.gov/vuln/detail/CVE-2026-56785
CVE-2026-54513,CVE-2026-54513: jackson-databind contains the general-purpose data-binding functionality and tree-mo,8.1,0.597,HIGH,8.1,NO,PRELIMINARY,GOLD,6.5,2026-06-23T21:17:02.333,https://nvd.nist.gov/vuln/detail/CVE-2026-54513,https://nvd.nist.gov/vuln/detail/CVE-2026-54513
CVE-2026-54512,CVE-2026-54512: jackson-databind contains the general-purpose data-binding functionality and tree-mo,8.1,0.603,HIGH,8.1,NO,PRELIMINARY,GOLD,6.5,2026-06-23T21:17:02.203,https://nvd.nist.gov/vuln/detail/CVE-2026-54512,https://nvd.nist.gov/vuln/detail/CVE-2026-54512
CVE-2026-12417,CVE-2026-12417: The SignUp & SignIn plugin for WordPress is vulnerable to Authentication Bypass via ,9.8,0.454,HIGH,8.0,NO,PRELIMINARY,GOLD,6.5,2026-06-24T07:16:26.890,https://nvd.nist.gov/vuln/detail/CVE-2026-12417,https://nvd.nist.gov/vuln/detail/CVE-2026-12417
CVE-2026-12416,CVE-2026-12416: The Invoice Generator plugin for WordPress is vulnerable to Account Takeover via Pas,9.8,0.364,HIGH,8.0,NO,PRELIMINARY,GOLD,6.5,2026-06-24T07:16:26.767,https://nvd.nist.gov/vuln/detail/CVE-2026-12416,https://nvd.nist.gov/vuln/detail/CVE-2026-12416
CVE-2026-12848,CVE-2026-12848: GV-I/O Box 4E is a smart embedded device with 4 input and 4 relays output that can b,10.0,0.427,HIGH,8.0,NO,PRELIMINARY,GOLD,6.5,2026-06-24T05:17:26.710,https://nvd.nist.gov/vuln/detail/CVE-2026-12848,https://nvd.nist.gov/vuln/detail/CVE-2026-12848
CVE-2026-12847,CVE-2026-12847: GV-I/O Box 4E is a smart embedded device with 4 input and 4 relays output that can b,10.0,0.427,HIGH,8.0,NO,PRELIMINARY,GOLD,6.5,2026-06-24T05:17:26.587,https://nvd.nist.gov/vuln/detail/CVE-2026-12847,https://nvd.nist.gov/vuln/detail/CVE-2026-12847
CVE-2026-12846,CVE-2026-12846: GV-I/O Box 4E is a smart embedded device with 4 input and 4 relays output that can b,10.0,0.427,HIGH,8.0,NO,PRELIMINARY,GOLD,6.5,2026-06-24T05:17:26.463,https://nvd.nist.gov/vuln/detail/CVE-2026-12846,https://nvd.nist.gov/vuln/detail/CVE-2026-12846
CVE-2026-12485,CVE-2026-12485: GV-I/O Box 4E is a smart embedded device with 4 input and 4 relays output that can b,10.0,0.436,HIGH,8.0,NO,PRELIMINARY,GOLD,6.5,2026-06-24T05:17:25.973,https://nvd.nist.gov/vuln/detail/CVE-2026-12485,https://nvd.nist.gov/vuln/detail/CVE-2026-12485
CVE-2026-54588,CVE-2026-54588: Poweradmin is a web-based DNS administration tool for PowerDNS server. Versions prio,9.8,0.312,HIGH,8.0,NO,PRELIMINARY,GOLD,6.5,2026-06-23T23:16:49.863,https://nvd.nist.gov/vuln/detail/CVE-2026-54588,https://nvd.nist.gov/vuln/detail/CVE-2026-54588
CVE-2026-10735,"CVE-2026-10735: Multiple Shapedsmart-post-show-pro WordPress plugin before 4.0.2, Real Testimonials ",7.5,0.387,HIGH,7.5,NO,PRELIMINARY,GOLD,6.5,2026-06-24T07:16:25.867,https://nvd.nist.gov/vuln/detail/CVE-2026-10735,https://nvd.nist.gov/vuln/detail/CVE-2026-10735
CVE-2026-12100,CVE-2026-12100: The URL Preview plugin for WordPress is vulnerable to Server-Side Request Forgery in,7.2,0.281,HIGH,7.2,NO,PRELIMINARY,GOLD,6.5,2026-06-24T07:16:26.647,https://nvd.nist.gov/vuln/detail/CVE-2026-12100,https://nvd.nist.gov/vuln/detail/CVE-2026-12100
CVE-2026-12095,CVE-2026-12095: The Kargo Takip plugin for WordPress is vulnerable to Server-Side Request Forgery in,7.2,0.29,HIGH,7.2,NO,PRELIMINARY,GOLD,6.5,2026-06-24T07:16:26.527,https://nvd.nist.gov/vuln/detail/CVE-2026-12095,https://nvd.nist.gov/vuln/detail/CVE-2026-12095
CVE-2026-10092,CVE-2026-10092: The Cincopa video and media plug-in plugin for WordPress is vulnerable to Stored Cro,7.2,0.297,HIGH,7.2,NO,PRELIMINARY,GOLD,6.5,2026-06-24T07:16:25.520,https://nvd.nist.gov/vuln/detail/CVE-2026-10092,https://nvd.nist.gov/vuln/detail/CVE-2026-10092
CVE-2026-10091,CVE-2026-10091: The Email JavaScript Cloak plugin for WordPress is vulnerable to Stored Cross-Site S,7.2,0.264,HIGH,7.2,NO,PRELIMINARY,GOLD,6.5,2026-06-24T07:16:25.330,https://nvd.nist.gov/vuln/detail/CVE-2026-10091,https://nvd.nist.gov/vuln/detail/CVE-2026-10091
CVE-2026-3652,CVE-2026-3652: The ARForms plugin for WordPress is vulnerable to Stored Cross-Site Scripting via the,7.2,0.19,HIGH,7.2,NO,PRELIMINARY,GOLD,6.5,2026-06-24T04:17:06.923,https://nvd.nist.gov/vuln/detail/CVE-2026-3652,https://nvd.nist.gov/vuln/detail/CVE-2026-3652
CVE-2026-8181,Exploit for CVE-2026-8181 exploit,9.8,0.14608,HIGH,7.0,NO,PRELIMINARY,GOLD,6.5,2026-06-25T05:34:51Z,https://sploitus.com/exploit?id=0C4729E1-C052-58C7-867B-EA946316B6B4&utm_source=rss&utm_medium=rss,https://nvd.nist.gov/vuln/detail/CVE-2026-8181
CVE-2026-47693,CVE-2026-47693: Poweradmin is a web-based DNS administration tool for PowerDNS server. Versions prio,6.9,0.229,MEDIUM,6.9,NO,PRELIMINARY,GOLD,6.5,2026-06-23T23:16:49.437,https://nvd.nist.gov/vuln/detail/CVE-2026-47693,https://nvd.nist.gov/vuln/detail/CVE-2026-47693
CVE-2026-9539,CVE-2026-9539: An out-of-bounds heap read and integer underflow in the TCP urgent data handling (sos,6.5,0.106,MEDIUM,6.5,NO,PRELIMINARY,GOLD,6.5,2026-06-24T05:17:31.100,https://nvd.nist.gov/vuln/detail/CVE-2026-9539,https://nvd.nist.gov/vuln/detail/CVE-2026-9539
CVE-2026-54518,CVE-2026-54518: jackson-databind contains the general-purpose data-binding functionality and tree-mo,6.5,0.225,MEDIUM,6.5,NO,PRELIMINARY,GOLD,6.5,2026-06-23T22:16:32.073,https://nvd.nist.gov/vuln/detail/CVE-2026-54518,https://nvd.nist.gov/vuln/detail/CVE-2026-54518
CVE-2026-46551,"CVE-2026-46551: NocoDB is software for building databases as spreadsheets. Prior to 2026.04.4, the u",6.5,0.235,MEDIUM,6.5,NO,PRELIMINARY,GOLD,6.5,2026-06-23T21:16:58.457,https://nvd.nist.gov/vuln/detail/CVE-2026-46551,https://nvd.nist.gov/vuln/detail/CVE-2026-46551
CVE-2026-11370,CVE-2026-11370: The WP Meta SEO plugin for WordPress is vulnerable to Server-Side Request Forgery in,6.4,0.242,MEDIUM,6.4,NO,PRELIMINARY,GOLD,6.5,2026-06-24T07:16:26.157,https://nvd.nist.gov/vuln/detail/CVE-2026-11370,https://nvd.nist.gov/vuln/detail/CVE-2026-11370
CVE-2026-11614,CVE-2026-11614: The Xpro Addons  140+ Widgets for Elementor plugin for WordPress is vulnerable to St,6.4,0.256,MEDIUM,6.4,NO,PRELIMINARY,GOLD,6.5,2026-06-24T04:17:05.340,https://nvd.nist.gov/vuln/detail/CVE-2026-11614,https://nvd.nist.gov/vuln/detail/CVE-2026-11614
CVE-2026-12488,CVE-2026-12488: A memory corruption vulnerability exists in the GV-Cloud functionality of GeoVision ,6.2,0.197,MEDIUM,6.2,NO,PRELIMINARY,GOLD,6.5,2026-06-24T05:17:26.350,https://nvd.nist.gov/vuln/detail/CVE-2026-12488,https://nvd.nist.gov/vuln/detail/CVE-2026-12488
CVE-2026-9073,CVE-2026-9073: A flaw was found in foreman-mcp-server. This component utilizes two distinct logging ,6.2,0.152,MEDIUM,6.2,NO,PRELIMINARY,GOLD,6.5,2026-06-23T21:17:03.440,https://nvd.nist.gov/vuln/detail/CVE-2026-9073,https://nvd.nist.gov/vuln/detail/CVE-2026-9073
CVE-2026-46547,"CVE-2026-46547: NocoDB is software for building databases as spreadsheets. Prior to 2026.04.1, a ref",6.1,0.149,MEDIUM,6.1,NO,PRELIMINARY,GOLD,6.5,2026-06-23T21:16:57.940,https://nvd.nist.gov/vuln/detail/CVE-2026-46547,https://nvd.nist.gov/vuln/detail/CVE-2026-46547
CVE-2026-47375,"CVE-2026-47375: NocoDB is software for building databases as spreadsheets. Prior to 2026.04.1, an au",6.0,0.215,MEDIUM,6.0,NO,PRELIMINARY,GOLD,6.5,2026-06-23T21:16:59.087,https://nvd.nist.gov/vuln/detail/CVE-2026-47375,https://nvd.nist.gov/vuln/detail/CVE-2026-47375
CVE-2026-46552,"CVE-2026-46552: NocoDB is software for building databases as spreadsheets. Prior to 2026.04.1, share",5.8,0.296,MEDIUM,5.8,NO,PRELIMINARY,GOLD,6.5,2026-06-23T21:16:58.583,https://nvd.nist.gov/vuln/detail/CVE-2026-46552,https://nvd.nist.gov/vuln/detail/CVE-2026-46552
CVE-2026-48493,"CVE-2026-48493: Snipe-IT is an IT asset/license management system. In versions prior to 8.6.0, a use",5.5,0.19,MEDIUM,5.5,NO,PRELIMINARY,GOLD,6.5,2026-06-23T23:16:49.720,https://nvd.nist.gov/vuln/detail/CVE-2026-48493,https://nvd.nist.gov/vuln/detail/CVE-2026-48493
CVE-2026-12163,"CVE-2026-12163: Fortra File Integrity Monitoring (FIM), formerly Tripwire Enterprise, versions prior",5.5,0.161,MEDIUM,5.5,NO,PRELIMINARY,GOLD,6.5,2026-06-23T23:16:49.170,https://nvd.nist.gov/vuln/detail/CVE-2026-12163,https://nvd.nist.gov/vuln/detail/CVE-2026-12163
CVE-2026-10531,CVE-2026-10531: The AI Share & Summarize WordPress plugin before 2.0.4 does not sanitise and escape ,5.4,0.133,MEDIUM,5.4,NO,PRELIMINARY,GOLD,6.5,2026-06-24T07:16:25.643,https://nvd.nist.gov/vuln/detail/CVE-2026-10531,https://nvd.nist.gov/vuln/detail/CVE-2026-10531
CVE-2026-46550,"CVE-2026-46550: NocoDB is software for building databases as spreadsheets. Prior to 2026.04.1, the r",5.4,0.099,MEDIUM,5.4,NO,PRELIMINARY,GOLD,6.5,2026-06-23T21:16:58.323,https://nvd.nist.gov/vuln/detail/CVE-2026-46550,https://nvd.nist.gov/vuln/detail/CVE-2026-46550
CVE-2026-12094,CVE-2026-12094: The Advanced Contact Form 7 - Compact DB plugin for WordPress is vulnerable to unaut,5.3,0.295,MEDIUM,5.3,NO,PRELIMINARY,GOLD,6.5,2026-06-24T07:16:26.403,https://nvd.nist.gov/vuln/detail/CVE-2026-12094,https://nvd.nist.gov/vuln/detail/CVE-2026-12094
CVE-2026-54517,CVE-2026-54517: jackson-databind contains the general-purpose data-binding functionality and tree-mo,5.3,0.24,MEDIUM,5.3,NO,PRELIMINARY,GOLD,6.5,2026-06-23T21:17:02.853,https://nvd.nist.gov/vuln/detail/CVE-2026-54517,https://nvd.nist.gov/vuln/detail/CVE-2026-54517
CVE-2026-54516,CVE-2026-54516: jackson-databind contains the general-purpose data-binding functionality and tree-mo,5.3,0.286,MEDIUM,5.3,NO,PRELIMINARY,GOLD,6.5,2026-06-23T21:17:02.723,https://nvd.nist.gov/vuln/detail/CVE-2026-54516,https://nvd.nist.gov/vuln/detail/CVE-2026-54516
CVE-2026-54515,CVE-2026-54515: jackson-databind contains the general-purpose data-binding functionality and tree-mo,5.3,0.35,MEDIUM,5.3,NO,PRELIMINARY,GOLD,6.5,2026-06-23T21:17:02.597,https://nvd.nist.gov/vuln/detail/CVE-2026-54515,https://nvd.nist.gov/vuln/detail/CVE-2026-54515
CVE-2026-54514,CVE-2026-54514: jackson-databind contains the general-purpose data-binding functionality and tree-mo,5.3,0.229,MEDIUM,5.3,NO,PRELIMINARY,GOLD,6.5,2026-06-23T21:17:02.467,https://nvd.nist.gov/vuln/detail/CVE-2026-54514,https://nvd.nist.gov/vuln/detail/CVE-2026-54514
CVE-2026-6653,"CVE-2026-6653: libxml2: use after free in xmlParseInternalSubset (>=2.9.11, <2.11.0)",7.5,0.0186,MEDIUM,5.042,NO,PRELIMINARY,GOLD,6.5,2026-06-22T16:07:32Z,https://seclists.org/oss-sec/2026/q2/996,https://nvd.nist.gov/vuln/detail/CVE-2026-6653
CVE-2026-53929,"CVE-2026-53929: NocoDB is software for building databases as spreadsheets. Prior to 2026.05.1, with ",5.5,0.288,MEDIUM,5.0,NO,PRELIMINARY,GOLD,6.5,2026-06-23T21:17:01.743,https://nvd.nist.gov/vuln/detail/CVE-2026-53929,https://nvd.nist.gov/vuln/detail/CVE-2026-53929
CVE-2026-50193,CVE-2026-50193: jackson-databind contains the general-purpose data-binding functionality and tree-mo,5.5,0.507,MEDIUM,5.0,NO,PRELIMINARY,GOLD,6.5,2026-06-23T21:17:01.117,https://nvd.nist.gov/vuln/detail/CVE-2026-50193,https://nvd.nist.gov/vuln/detail/CVE-2026-50193
CVE-2026-47387,"CVE-2026-47387: NocoDB is software for building databases as spreadsheets. Prior to 2026.05.1, the s",7.5,0.234,MEDIUM,5.0,NO,PRELIMINARY,GOLD,6.5,2026-06-23T21:17:00.743,https://nvd.nist.gov/vuln/detail/CVE-2026-47387,https://nvd.nist.gov/vuln/detail/CVE-2026-47387
CVE-2026-47385,"CVE-2026-47385: NocoDB is software for building databases as spreadsheets. Prior to 2026.05.1, an au",5.5,0.324,MEDIUM,5.0,NO,PRELIMINARY,GOLD,6.5,2026-06-23T21:17:00.487,https://nvd.nist.gov/vuln/detail/CVE-2026-47385,https://nvd.nist.gov/vuln/detail/CVE-2026-47385
CVE-2026-47376,"CVE-2026-47376: NocoDB is software for building databases as spreadsheets. Prior to 2026.04.1, the p",5.5,0.262,MEDIUM,5.0,NO,PRELIMINARY,GOLD,6.5,2026-06-23T21:16:59.280,https://nvd.nist.gov/vuln/detail/CVE-2026-47376,https://nvd.nist.gov/vuln/detail/CVE-2026-47376
CVE-2026-46553,"CVE-2026-46553: NocoDB is software for building databases as spreadsheets. Prior to 2026.04.1, the u",2.5,0.24,MEDIUM,5.0,NO,PRELIMINARY,GOLD,6.5,2026-06-23T21:16:58.710,https://nvd.nist.gov/vuln/detail/CVE-2026-46553,https://nvd.nist.gov/vuln/detail/CVE-2026-46553
CVE-2026-23513,"CVE-2026-23513: FOSSBilling is a free, open-source billing and client management system. In versions",9.8,0.282,MEDIUM,5.0,NO,PRELIMINARY,GOLD,6.5,2026-06-23T21:16:55.203,https://nvd.nist.gov/vuln/detail/CVE-2026-23513,https://nvd.nist.gov/vuln/detail/CVE-2026-23513
CVE-2026-54236,CVE-2026-54236 - vLLM: incomplete CVE-2026-22778 fix leaks PIL repr addresses via Anthropic router,5.5,0.0108,LOW,1.63,NO,PRELIMINARY,GOLD,6.5,2026-06-22T22:09:15Z,https://cvefeed.io/vuln/detail/CVE-2026-54236,https://nvd.nist.gov/vuln/detail/CVE-2026-54236
CVE-2025-20701,High-Severity: Apple Beats Studio Buds Vulnerability Allows Hackers to Eavesdrop on Users (CVE-2025-,8.8,0.043,HIGH,7.5,NO,PRELIMINARY,GOLD,6.0,2026-06-22T16:17:13Z,https://cve.mitre.org/cgi-bin/cvename.cgi?name=CVE-2025-20701,https://nvd.nist.gov/vuln/detail/CVE-2025-20701
CVE-2021-23336,High-Severity: Python-Multipart: Semicolon treated as querystring field separator enables param (CVE,5.9,0.3733,HIGH,7.5,NO,PRELIMINARY,GOLD,5.5,2026-06-22T16:56:32Z,https://cve.mitre.org/cgi-bin/cvename.cgi?name=CVE-2021-23336,https://nvd.nist.gov/vuln/detail/CVE-2021-23336
CVE-2026-47378,CVE-2026-47378 - NocoDB: Hidden Column Exposure in Public Shared View Endpoints,5.5,,LOW,0.53,NO,PRELIMINARY,GOLD,5.5,2026-06-23T20:34:10Z,https://cvefeed.io/vuln/detail/CVE-2026-47378,https://nvd.nist.gov/vuln/detail/CVE-2026-47378
CVE-2026-54555,CVE-2026-54555: rtk filters and compresses command outputs before they reach your LLM context. Prior,,0.128,HIGH,7.8,NO,PRELIMINARY,GOLD,5.0,2026-06-23T20:16:49.737,https://nvd.nist.gov/vuln/detail/CVE-2026-54555,https://nvd.nist.gov/vuln/detail/CVE-2026-54555
CVE-2026-54293,CVE-2026-54293 - NLTK: URL-Encoded Path Traversal in nltk.data.load() Allows Arbitrary Local File Re,7.5,,HIGH,7.05,NO,PRELIMINARY,GOLD,5.0,2026-06-22T17:25:05Z,https://cvefeed.io/vuln/detail/CVE-2026-54293,https://nvd.nist.gov/vuln/detail/CVE-2026-54293
CVE-2026-54298,CVE-2026-54298 - Astro: XSS via Unescaped Attribute Names in Spread Props,4.2,,HIGH,7.04,NO,PRELIMINARY,GOLD,5.0,2026-06-22T17:33:15Z,https://cvefeed.io/vuln/detail/CVE-2026-54298,https://nvd.nist.gov/vuln/detail/CVE-2026-54298
CVE-2026-11834,CVE-2026-11834 - Unauthenticated Command Injection via DHCP Option Handling in Multiple TP-Link Rout,7.5,,HIGH,7.032,NO,PRELIMINARY,GOLD,5.0,2026-06-22T17:53:48Z,https://cvefeed.io/vuln/detail/CVE-2026-11834,https://nvd.nist.gov/vuln/detail/CVE-2026-11834
CVE-2026-11819,"CVE-2026-11819: Module: plugins/modules/keyring_info.py 

CVSS 3.1: 5.5 MEDIUM  AV:L/AC:L/PR:L/UI:N/",,0.128,MEDIUM,5.5,NO,PRELIMINARY,GOLD,5.0,2026-06-23T21:16:54.473,https://nvd.nist.gov/vuln/detail/CVE-2026-11819,https://nvd.nist.gov/vuln/detail/CVE-2026-11819
CVE-2026-11373,CVE-2026-11373: Net::Statsite::Client versions through 1.1.0 for Perl allow metric injections,9.1,,MEDIUM,5.042,NO,PRELIMINARY,GOLD,5.0,2026-06-22T16:09:32Z,https://seclists.org/oss-sec/2026/q2/997,https://nvd.nist.gov/vuln/detail/CVE-2026-11373
CVE-2026-12844,CVE-2026-12844: List::SomeUtils::XS versions before 0.59 for Perl have a heap buffer overflow in the,7.5,,MEDIUM,5.0,NO,PRELIMINARY,GOLD,5.0,2026-06-25T17:39:49Z,https://seclists.org/oss-sec/2026/q2/1031,https://nvd.nist.gov/vuln/detail/CVE-2026-12844
CVE-2026-54762,"CVE-2026-54762: Traefik is an HTTP reverse proxy and load balancer. From 3.7.0-ea.1 until 3.7.5, the",,0.175,MEDIUM,5.0,NO,PRELIMINARY,GOLD,5.0,2026-06-23T20:16:49.997,https://nvd.nist.gov/vuln/detail/CVE-2026-54762,https://nvd.nist.gov/vuln/detail/CVE-2026-54762
CVE-2026-54761,"CVE-2026-54761: Traefik is an HTTP reverse proxy and load balancer. Prior to 3.6.21 and 3.7.5, there",,0.384,MEDIUM,5.0,NO,PRELIMINARY,GOLD,5.0,2026-06-23T20:16:49.867,https://nvd.nist.gov/vuln/detail/CVE-2026-54761,https://nvd.nist.gov/vuln/detail/CVE-2026-54761
CVE-2026-13325,CVE-2026-13325 - Virt-handler-rhel9: kubevirt: kubevirt: disabletls migration setting removes authen,8.5,,LOW,1.6,NO,PRELIMINARY,GOLD,5.0,2026-06-26T10:41:01Z,https://cvefeed.io/vuln/detail/CVE-2026-13325,https://nvd.nist.gov/vuln/detail/CVE-2026-13325
CVE-2026-54513,Low Security Vulnerability (CVE-2026-54513),8.1,,LOW,1.6,NO,PRELIMINARY,GOLD,5.0,2026-06-23T21:17:02Z,https://vulners.com/nvd/NVD:CVE-2026-54513?utm_source=rss&utm_medium=rss&utm_campaign=rss,https://nvd.nist.gov/vuln/detail/CVE-2026-54513
CVE-2026-53926,Low Security Vulnerability (CVE-2026-53926),5.5,,LOW,1.6,NO,PRELIMINARY,GOLD,5.0,2026-06-23T21:17:01Z,https://vulners.com/nvd/NVD:CVE-2026-53926?utm_source=rss&utm_medium=rss&utm_campaign=rss,https://nvd.nist.gov/vuln/detail/CVE-2026-53926
CVE-2026-53928,Low Security Vulnerability (CVE-2026-53928),5.5,,LOW,1.6,NO,PRELIMINARY,GOLD,5.0,2026-06-23T21:17:01Z,https://vulners.com/nvd/NVD:CVE-2026-53928?utm_source=rss&utm_medium=rss&utm_campaign=rss,https://nvd.nist.gov/vuln/detail/CVE-2026-53928
CVE-2026-54235,CVE-2026-54235 - vLLM: temperature=NaN and temperature=Infinity bypass validation and propagate to G,5.5,,LOW,1.2263,NO,PRELIMINARY,GOLD,5.0,2026-06-22T21:59:02Z,https://cvefeed.io/vuln/detail/CVE-2026-54235,https://nvd.nist.gov/vuln/detail/CVE-2026-54235
CVE-2026-54233,CVE-2026-54233 - vLLM: OOM Denial of Service via Audio Decompression Bomb,6.5,,LOW,1.1963,NO,PRELIMINARY,GOLD,5.0,2026-06-22T22:10:45Z,https://cvefeed.io/vuln/detail/CVE-2026-54233,https://nvd.nist.gov/vuln/detail/CVE-2026-54233
CVE-2026-47155,"CVE-2026-47155 - vLLM: Artifact Pin Decay in vLLM allows pinned deployments to load unpinned code, w",6.5,,LOW,1.1663,NO,PRELIMINARY,GOLD,5.0,2026-06-22T22:20:10Z,https://cvefeed.io/vuln/detail/CVE-2026-47155,https://nvd.nist.gov/vuln/detail/CVE-2026-47155
CVE-2026-10645,CVE-2026-10645 - fs: ext2: Missing structural validation of directory entries can cause out-of-bound,6.5,,LOW,1.1643,NO,PRELIMINARY,GOLD,5.0,2026-06-22T23:48:11Z,https://cvefeed.io/vuln/detail/CVE-2026-10645,https://nvd.nist.gov/vuln/detail/CVE-2026-10645
CVE-2026-41862,CVE-2026-41862 - Spring Statemachine Deserialisation Vulnerability,8.8,,LOW,1.16,NO,PRELIMINARY,GOLD,5.0,2026-06-23T20:59:02Z,https://cvefeed.io/vuln/detail/CVE-2026-41862,https://nvd.nist.gov/vuln/detail/CVE-2026-41862
CVE-2026-10658,CVE-2026-10658 - Bluetooth Host ISO RX Missing SDU Header Length Validation in bt_iso_recv() Leads t,5.3,,LOW,1.1438,NO,PRELIMINARY,GOLD,5.0,2026-06-22T23:58:47Z,https://cvefeed.io/vuln/detail/CVE-2026-10658,https://nvd.nist.gov/vuln/detail/CVE-2026-10658
CVE-2026-6412,CVE-2026-6412 - Continued acceptance of SHA-1/MD5 digests in certificate processing,2.5,,LOW,1.13,NO,PRELIMINARY,GOLD,5.0,2026-06-25T20:38:29Z,https://cvefeed.io/vuln/detail/CVE-2026-6412,https://nvd.nist.gov/vuln/detail/CVE-2026-6412
CVE-2026-12473,CVE-2026-12473 - OHIF Viewers DICOM Server-Side request forgery,8.2,,LOW,1.09,NO,PRELIMINARY,GOLD,5.0,2026-06-25T20:38:32Z,https://cvefeed.io/vuln/detail/CVE-2026-12473,https://nvd.nist.gov/vuln/detail/CVE-2026-12473
CVE-2026-6450,CVE-2026-6450 - CRL critical extension bypass in ParseCRL_Extensions,2.5,,LOW,1.09,NO,PRELIMINARY,GOLD,5.0,2026-06-25T20:18:53Z,https://cvefeed.io/vuln/detail/CVE-2026-6450,https://nvd.nist.gov/vuln/detail/CVE-2026-6450
CVE-2026-54513,CVE-2026-54513 - jackson-databind: Array subtype allowlist bypass in BasicPolymorphicTypeValidator (,8.1,,LOW,1.09,NO,PRELIMINARY,GOLD,5.0,2026-06-23T20:53:52Z,https://cvefeed.io/vuln/detail/CVE-2026-54513,https://nvd.nist.gov/vuln/detail/CVE-2026-54513
CVE-2026-46549,CVE-2026-46549 - NocoDB: OAuth Token Scope Not Enforced at ACL Layer Allows Scope Escalation,2.0,,LOW,1.09,NO,PRELIMINARY,GOLD,5.0,2026-06-23T20:40:24Z,https://cvefeed.io/vuln/detail/CVE-2026-46549,https://nvd.nist.gov/vuln/detail/CVE-2026-46549
CVE-2026-46552,CVE-2026-46552 - NocoDB: Shared-base link access can invite arbitrary users as persistent base membe,5.8,,LOW,1.09,NO,PRELIMINARY,GOLD,5.0,2026-06-23T20:38:29Z,https://cvefeed.io/vuln/detail/CVE-2026-46552,https://nvd.nist.gov/vuln/detail/CVE-2026-46552
CVE-2026-46553,CVE-2026-46553 - NocoDB: Attachment Size Limit Bypass via Upload-by-URL,2.5,,LOW,1.09,NO,PRELIMINARY,GOLD,5.0,2026-06-23T20:37:12Z,https://cvefeed.io/vuln/detail/CVE-2026-46553,https://nvd.nist.gov/vuln/detail/CVE-2026-46553
CVE-2026-47376,CVE-2026-47376 - NocoDB: Reflected Cross-Site Scripting via Password Reset Token,5.5,,LOW,1.09,NO,PRELIMINARY,GOLD,5.0,2026-06-23T20:35:37Z,https://cvefeed.io/vuln/detail/CVE-2026-47376,https://nvd.nist.gov/vuln/detail/CVE-2026-47376
CVE-2026-12851,CVE-2026-12851 - GeoVision GV-I/O Box 4E libNetSetObj.so OS command injection vulnerability,9.0,,LOW,1.04,NO,PRELIMINARY,GOLD,5.0,2026-06-24T03:40:26Z,https://cvefeed.io/vuln/detail/CVE-2026-12851,https://nvd.nist.gov/vuln/detail/CVE-2026-12851
CVE-2026-12850,CVE-2026-12850 - GeoVision GV-I/O Box 4E libNetSetObj.so OS command injection vulnerability,9.0,,LOW,1.04,NO,PRELIMINARY,GOLD,5.0,2026-06-24T03:40:24Z,https://cvefeed.io/vuln/detail/CVE-2026-12850,https://nvd.nist.gov/vuln/detail/CVE-2026-12850
CVE-2026-12849,CVE-2026-12849 - GeoVision GV-I/O Box 4E libNetSetObj.so OS command injection vulnerability,9.0,,LOW,1.04,NO,PRELIMINARY,GOLD,5.0,2026-06-24T03:40:21Z,https://cvefeed.io/vuln/detail/CVE-2026-12849,https://nvd.nist.gov/vuln/detail/CVE-2026-12849
CVE-2026-12486,CVE-2026-12486 - GeoVision GV-I/O Box 4E libNetSetObj.so OS command injection vulnerability,9.0,,LOW,1.04,NO,PRELIMINARY,GOLD,5.0,2026-06-24T03:40:19Z,https://cvefeed.io/vuln/detail/CVE-2026-12486,https://nvd.nist.gov/vuln/detail/CVE-2026-12486
CVE-2026-9073,Low Security Vulnerability (CVE-2026-9073),6.2,,LOW,1.04,NO,PRELIMINARY,GOLD,5.0,2026-06-23T21:17:03Z,https://vulners.com/nvd/NVD:CVE-2026-9073?utm_source=rss&utm_medium=rss&utm_campaign=rss,https://nvd.nist.gov/vuln/detail/CVE-2026-9073
CVE-2026-56120,Low Security Vulnerability (CVE-2026-56120),8.1,,LOW,1.04,NO,PRELIMINARY,GOLD,5.0,2026-06-23T21:17:03Z,https://vulners.com/nvd/NVD:CVE-2026-56120?utm_source=rss&utm_medium=rss&utm_campaign=rss,https://nvd.nist.gov/vuln/detail/CVE-2026-56120
CVE-2026-54517,Low Security Vulnerability (CVE-2026-54517),5.3,,LOW,1.04,NO,PRELIMINARY,GOLD,5.0,2026-06-23T21:17:02Z,https://vulners.com/nvd/NVD:CVE-2026-54517?utm_source=rss&utm_medium=rss&utm_campaign=rss,https://nvd.nist.gov/vuln/detail/CVE-2026-54517
CVE-2026-50193,Low Security Vulnerability (CVE-2026-50193),5.5,,LOW,1.04,NO,PRELIMINARY,GOLD,5.0,2026-06-23T21:17:01Z,https://vulners.com/nvd/NVD:CVE-2026-50193?utm_source=rss&utm_medium=rss&utm_campaign=rss,https://nvd.nist.gov/vuln/detail/CVE-2026-50193
CVE-2026-53931,Low Security Vulnerability (CVE-2026-53931),5.5,,LOW,1.04,NO,PRELIMINARY,GOLD,5.0,2026-06-23T21:17:01Z,https://vulners.com/nvd/NVD:CVE-2026-53931?utm_source=rss&utm_medium=rss&utm_campaign=rss,https://nvd.nist.gov/vuln/detail/CVE-2026-53931
CVE-2026-53930,Low Security Vulnerability (CVE-2026-53930),5.5,,LOW,1.04,NO,PRELIMINARY,GOLD,5.0,2026-06-23T21:17:01Z,https://vulners.com/nvd/NVD:CVE-2026-53930?utm_source=rss&utm_medium=rss&utm_campaign=rss,https://nvd.nist.gov/vuln/detail/CVE-2026-53930
CVE-2026-46548,"CVE-2026-46548 - NocoDB: SSRF Protection Bypass in Notification Webhook Plugins (Slack, Discord, Mat",4.3,,LOW,1.04,NO,PRELIMINARY,GOLD,5.0,2026-06-23T20:41:06Z,https://cvefeed.io/vuln/detail/CVE-2026-46548,https://nvd.nist.gov/vuln/detail/CVE-2026-46548
CVE-2026-46550,CVE-2026-46550 - NocoDB: Refresh Token Cookie Set Without `Secure` and `SameSite` Flags,5.4,,LOW,1.04,NO,PRELIMINARY,GOLD,5.0,2026-06-23T20:39:22Z,https://cvefeed.io/vuln/detail/CVE-2026-46550,https://nvd.nist.gov/vuln/detail/CVE-2026-46550
CVE-2026-53927,Low Security Vulnerability (CVE-2026-53927),5.5,,LOW,0.89,NO,PRELIMINARY,GOLD,5.0,2026-06-23T21:17:01Z,https://vulners.com/nvd/NVD:CVE-2026-53927?utm_source=rss&utm_medium=rss&utm_campaign=rss,https://nvd.nist.gov/vuln/detail/CVE-2026-53927
CVE-2025-7958,CVE-2025-7958 - Trellix Network Security Code Injection,7.5,,LOW,0.83,NO,PRELIMINARY,GOLD,5.0,2026-06-26T10:15:00Z,https://cvefeed.io/vuln/detail/CVE-2025-7958,https://nvd.nist.gov/vuln/detail/CVE-2025-7958
CVE-2026-57620,CVE-2026-57620 - WordPress Exclusive Addons Elementor plugin <= 2.7.9.8 - Cross Site Scripting (XSS),6.5,,LOW,0.74,NO,PRELIMINARY,GOLD,5.0,2026-06-26T11:41:36Z,https://cvefeed.io/vuln/detail/CVE-2026-57620,https://nvd.nist.gov/vuln/detail/CVE-2026-57620
CVE-2026-57473,CVE-2026-57473 - Reolink Home Hub Brute-Force Credential Compromise,5.5,,LOW,0.74,NO,PRELIMINARY,GOLD,5.0,2026-06-26T10:47:31Z,https://cvefeed.io/vuln/detail/CVE-2026-57473,https://nvd.nist.gov/vuln/detail/CVE-2026-57473
CVE-2026-12992,CVE-2026-12992 - Apicurio/apicurio-registry: apicurio-registry: ssrf via wsdl4j import dereference i,6.1,,LOW,0.74,NO,PRELIMINARY,GOLD,5.0,2026-06-25T21:16:11Z,https://cvefeed.io/vuln/detail/CVE-2026-12992,https://nvd.nist.gov/vuln/detail/CVE-2026-12992
CVE-2026-12975,CVE-2026-12975 - Apicurio/apicurio-registry: apicurio-registry: unhardened saxparser in content-type,5.3,,LOW,0.74,NO,PRELIMINARY,GOLD,5.0,2026-06-25T21:12:31Z,https://cvefeed.io/vuln/detail/CVE-2026-12975,https://nvd.nist.gov/vuln/detail/CVE-2026-12975
CVE-2026-12848,CVE-2026-12848 - GeoVision GV-I/O Box DVRSearch buffer overflow vulnerabilities in CMD_IP_SET comman,7.2,,LOW,0.74,NO,PRELIMINARY,GOLD,5.0,2026-06-24T03:34:30Z,https://cvefeed.io/vuln/detail/CVE-2026-12848,https://nvd.nist.gov/vuln/detail/CVE-2026-12848
CVE-2026-12847,CVE-2026-12847 - GeoVision GV-I/O Box DVRSearch buffer overflow vulnerabilities in CMD_IP_SET comman,7.2,,LOW,0.74,NO,PRELIMINARY,GOLD,5.0,2026-06-24T03:34:28Z,https://cvefeed.io/vuln/detail/CVE-2026-12847,https://nvd.nist.gov/vuln/detail/CVE-2026-12847
CVE-2026-12846,CVE-2026-12846 - GeoVision GV-I/O Box DVRSearch buffer overflow vulnerabilities in CMD_IP_SET comman,7.2,,LOW,0.74,NO,PRELIMINARY,GOLD,5.0,2026-06-24T03:34:25Z,https://cvefeed.io/vuln/detail/CVE-2026-12846,https://nvd.nist.gov/vuln/detail/CVE-2026-12846
CVE-2026-12485,CVE-2026-12485 - GeoVision GV-I/O Box DVRSearch buffer overflow vulnerabilities in CMD_IP_SET comman,7.2,,LOW,0.74,NO,PRELIMINARY,GOLD,5.0,2026-06-24T03:34:22Z,https://cvefeed.io/vuln/detail/CVE-2026-12485,https://nvd.nist.gov/vuln/detail/CVE-2026-12485
CVE-2026-11614,CVE-2026-11614 - Xpro Addons <= 1.7.2 - Authenticated (Author+) Stored Cross-Site Scripting via 'cus,6.1,,LOW,0.74,NO,PRELIMINARY,GOLD,5.0,2026-06-24T02:29:07Z,https://cvefeed.io/vuln/detail/CVE-2026-11614,https://nvd.nist.gov/vuln/detail/CVE-2026-11614
CVE-2026-3652,CVE-2026-3652 - ARForms <= 7.1.3 - Unauthenticated Stored Cross-Site Scripting via 'value' Parameter,9.1,,LOW,0.74,NO,PRELIMINARY,GOLD,5.0,2026-06-24T02:29:07Z,https://cvefeed.io/vuln/detail/CVE-2026-3652,https://nvd.nist.gov/vuln/detail/CVE-2026-3652
CVE-2026-54516,Low Security Vulnerability (CVE-2026-54516),5.3,,LOW,0.74,NO,PRELIMINARY,GOLD,5.0,2026-06-23T21:17:02Z,https://vulners.com/nvd/NVD:CVE-2026-54516?utm_source=rss&utm_medium=rss&utm_campaign=rss,https://nvd.nist.gov/vuln/detail/CVE-2026-54516
CVE-2026-54515,Low Security Vulnerability (CVE-2026-54515),5.3,,LOW,0.74,NO,PRELIMINARY,GOLD,5.0,2026-06-23T21:17:02Z,https://vulners.com/nvd/NVD:CVE-2026-54515?utm_source=rss&utm_medium=rss&utm_campaign=rss,https://nvd.nist.gov/vuln/detail/CVE-2026-54515
CVE-2026-54512,Low Security Vulnerability (CVE-2026-54512),8.1,,LOW,0.74,NO,PRELIMINARY,GOLD,5.0,2026-06-23T21:17:02Z,https://vulners.com/nvd/NVD:CVE-2026-54512?utm_source=rss&utm_medium=rss&utm_campaign=rss,https://nvd.nist.gov/vuln/detail/CVE-2026-54512
CVE-2026-53929,Low Security Vulnerability (CVE-2026-53929),5.5,,LOW,0.74,NO,PRELIMINARY,GOLD,5.0,2026-06-23T21:17:01Z,https://vulners.com/nvd/NVD:CVE-2026-53929?utm_source=rss&utm_medium=rss&utm_campaign=rss,https://nvd.nist.gov/vuln/detail/CVE-2026-53929
CVE-2026-47385,Low Security Vulnerability (CVE-2026-47385),5.5,,LOW,0.74,NO,PRELIMINARY,GOLD,5.0,2026-06-23T21:17:00Z,https://vulners.com/nvd/NVD:CVE-2026-47385?utm_source=rss&utm_medium=rss&utm_campaign=rss,https://nvd.nist.gov/vuln/detail/CVE-2026-47385
CVE-2026-47382,Low Security Vulnerability (CVE-2026-47382),5.5,,LOW,0.74,NO,PRELIMINARY,GOLD,5.0,2026-06-23T21:17:00Z,https://vulners.com/nvd/NVD:CVE-2026-47382?utm_source=rss&utm_medium=rss&utm_campaign=rss,https://nvd.nist.gov/vuln/detail/CVE-2026-47382
CVE-2026-41523,CVE-2026-41523 - vLLM: Security Check Bypass via assert Statement in Activation Function Loading All,7.5,,LOW,0.74,NO,PRELIMINARY,GOLD,5.0,2026-06-22T22:18:14Z,https://cvefeed.io/vuln/detail/CVE-2026-41523,https://nvd.nist.gov/vuln/detail/CVE-2026-41523
CVE-2026-11800,CVE-2026-11800 - Org.keycloak:keycloak-services: keycloak: authentication bypass via jwt algorithm c,7.5,,LOW,0.66,NO,PRELIMINARY,GOLD,5.0,2026-06-25T20:57:05Z,https://cvefeed.io/vuln/detail/CVE-2026-11800,https://nvd.nist.gov/vuln/detail/CVE-2026-11800
CVE-2025-64152,CVE-2025-64152 - Apache IoTDB: Path Traversal Vulnerability,6.5,,LOW,0.53,NO,PRELIMINARY,GOLD,5.0,2026-06-26T12:16:28Z,https://cvefeed.io/vuln/detail/CVE-2025-64152,https://nvd.nist.gov/vuln/detail/CVE-2025-64152
CVE-2025-55017,CVE-2025-55017 - Apache IoTDB: Path Traversal Vulnerability,6.5,,LOW,0.53,NO,PRELIMINARY,GOLD,5.0,2026-06-26T12:15:53Z,https://cvefeed.io/vuln/detail/CVE-2025-55017,https://nvd.nist.gov/vuln/detail/CVE-2025-55017
CVE-2026-57912,CVE-2026-57912 - Johnson & Johnson Campus Recruiting before 2025-10,7.5,,LOW,0.53,NO,PRELIMINARY,GOLD,5.0,2026-06-26T10:04:37Z,https://cvefeed.io/vuln/detail/CVE-2026-57912,https://nvd.nist.gov/vuln/detail/CVE-2026-57912
CVE-2026-50193,CVE-2026-50193 - jackson-databind: Deeply nested JsonNode throws StackOverflowError for toString(),5.5,,LOW,0.53,NO,PRELIMINARY,GOLD,5.0,2026-06-23T21:00:20Z,https://cvefeed.io/vuln/detail/CVE-2026-50193,https://nvd.nist.gov/vuln/detail/CVE-2026-50193
CVE-2026-56120,CVE-2026-56120 - OpenRemote < 1.25.0 IDOR via Bulk Alarm Deletion Endpoint,8.1,,LOW,0.53,NO,PRELIMINARY,GOLD,5.0,2026-06-23T20:54:15Z,https://cvefeed.io/vuln/detail/CVE-2026-56120,https://nvd.nist.gov/vuln/detail/CVE-2026-56120
CVE-2026-54517,CVE-2026-54517 - jackson-databind: @JsonView bypass for setterless creator properties,5.3,,LOW,0.53,NO,PRELIMINARY,GOLD,5.0,2026-06-23T20:47:22Z,https://cvefeed.io/vuln/detail/CVE-2026-54517,https://nvd.nist.gov/vuln/detail/CVE-2026-54517
CVE-2026-47377,CVE-2026-47377 - NocoDB: Open Redirect via Hash Fragment in hashRedirect Plugin,5.5,,LOW,0.53,NO,PRELIMINARY,GOLD,5.0,2026-06-23T20:35:06Z,https://cvefeed.io/vuln/detail/CVE-2026-47377,https://nvd.nist.gov/vuln/detail/CVE-2026-47377
CVE-2026-53923,CVE-2026-53923 - vLLM GGUF Kernels: int64_t to int truncation of tensor dimensions causes GPU buffer,5.5,,LOW,0.53,NO,PRELIMINARY,GOLD,5.0,2026-06-22T21:55:42Z,https://cvefeed.io/vuln/detail/CVE-2026-53923,https://nvd.nist.gov/vuln/detail/CVE-2026-53923
CVE-2026-54639,"CVE-2026-54639: Style Dictionary, a build system for creating cross-platform styles, has a prototype",,0.132,HIGH,8.8,NO,PRELIMINARY,SILVER,4.5,2026-06-24T01:16:25.363,https://nvd.nist.gov/vuln/detail/CVE-2026-54639,https://nvd.nist.gov/vuln/detail/CVE-2026-54639
CVE-2026-39253,CVE-2026-39253: An issue in Pivotal CRM v.6.6.04.08 allows a remote attacker to execute arbitrary co,,0.805,HIGH,8.1,NO,PRELIMINARY,SILVER,4.5,2026-06-23T20:16:47.243,https://nvd.nist.gov/vuln/detail/CVE-2026-39253,https://nvd.nist.gov/vuln/detail/CVE-2026-39253
CVE-2026-11807,CVE-2026-11807: A missing authorization vulnerability was found in the Event-Driven Ansible (EDA) we,,0.362,HIGH,8.0,NO,PRELIMINARY,SILVER,4.5,2026-06-23T21:16:54.350,https://nvd.nist.gov/vuln/detail/CVE-2026-11807,https://nvd.nist.gov/vuln/detail/CVE-2026-11807
CVE-2026-54328,"CVE-2026-54328: Pi is a minimal terminal coding harness. From 0.74.0 until 0.78.1, Pi versions with ",,0.115,HIGH,7.3,NO,PRELIMINARY,SILVER,4.5,2026-06-23T20:16:49.603,https://nvd.nist.gov/vuln/detail/CVE-2026-54328,https://nvd.nist.gov/vuln/detail/CVE-2026-54328
CVE-2026-53622,"CVE-2026-53622: Traefik is an HTTP reverse proxy and load balancer. Prior to 3.7.3, there is a criti",,0.237,MEDIUM,5.0,NO,PRELIMINARY,SILVER,4.5,2026-06-23T20:16:48.777,https://nvd.nist.gov/vuln/detail/CVE-2026-53622,https://nvd.nist.gov/vuln/detail/CVE-2026-53622
CVE-2026-48491,"CVE-2026-48491: Traefik is an HTTP reverse proxy and load balancer. From 3.7.0 until 3.7.3, there is",,0.228,MEDIUM,5.0,NO,PRELIMINARY,SILVER,4.5,2026-06-23T20:16:48.123,https://nvd.nist.gov/vuln/detail/CVE-2026-48491,https://nvd.nist.gov/vuln/detail/CVE-2026-48491
CVE-2026-48020,"CVE-2026-48020: Traefik is an HTTP reverse proxy and load balancer. Prior to 2.11.48, 3.6.19, and 3.",,0.525,MEDIUM,5.0,NO,PRELIMINARY,SILVER,4.5,2026-06-23T20:16:47.993,https://nvd.nist.gov/vuln/detail/CVE-2026-48020,https://nvd.nist.gov/vuln/detail/CVE-2026-48020
CVE-2026-20230,Cisco Unified CM Flaw CVE-2026-20230 Actively Exploited in the Wild,8.6,0.3416,HIGH,7.5,NO,UNVERIFIED,SILVER,4.0,2026-06-24T13:10:57Z,https://securityaffairs.com/194153/uncategorized/cisco-unified-cm-flaw-cve-2026-20230-actively-exploited-in-the-wild.html,https://nvd.nist.gov/vuln/detail/CVE-2026-20230
CVE-2026-20230,Cisco Unified CM flaw CVE-2026-20230 now exploited in attacks,8.6,0.2044,HIGH,7.5,NO,UNVERIFIED,SILVER,4.0,2026-06-23T17:48:32Z,https://www.bleepingcomputer.com/news/security/cisco-unified-cm-sme-flaw-cve-2026-20230-now-exploited-in-attacks/,https://nvd.nist.gov/vuln/detail/CVE-2026-20230
CVE-2026-9320,Medium Remote Code Execution (CVE-2026-9320),5.9,,MEDIUM,5.7,NO,PRELIMINARY,SILVER,4.0,2026-06-22T16:16:43Z,https://cve.mitre.org/cgi-bin/cvename.cgi?name=CVE-2026-9320,https://nvd.nist.gov/vuln/detail/CVE-2026-9320
CVE-2026-53537,Medium: Python-Multipart: Content-Disposition parameter smuggling via RFC 2231/5987 exte (CVE-2026-5,3.7,,MEDIUM,5.5,NO,PRELIMINARY,SILVER,4.0,2026-06-22T16:57:21Z,https://cve.mitre.org/cgi-bin/cvename.cgi?name=CVE-2026-53537,https://nvd.nist.gov/vuln/detail/CVE-2026-53537
CVE-2026-55388,Medium: piscina: Prototype Pollution Gadget RCE via inherited options.filename (CVE-2026-55388),8.1,,MEDIUM,5.5,NO,PRELIMINARY,SILVER,4.0,2026-06-22T16:50:40Z,https://cve.mitre.org/cgi-bin/cvename.cgi?name=CVE-2026-55388,https://nvd.nist.gov/vuln/detail/CVE-2026-55388
CVE-2026-54282,Medium: Starlette: Unvalidated request path concatenated into authority poisons request (CVE-2026-54,3.7,,MEDIUM,5.1,NO,PRELIMINARY,SILVER,4.0,2026-06-22T16:45:01Z,https://cve.mitre.org/cgi-bin/cvename.cgi?name=CVE-2026-54282,https://nvd.nist.gov/vuln/detail/CVE-2026-54282
CVE-2026-24421,phpMyFAQ: Missing userHasPermission() in 4 API write endpoints (CVE-2026-24421 Incomplete Fix),6.5,0.24,MEDIUM,5.0,NO,UNVERIFIED,SILVER,4.0,2026-06-23T22:27:34Z,https://github.com/advisories/GHSA-8c6h-7g6x-m5x4,https://nvd.nist.gov/vuln/detail/CVE-2026-24421
CVE-2026-10658,Medium: Bluetooth Host ISO RX Missing SDU Header Length Validation in bt_iso_recv() Lead (CVE-2026-1,5.3,,MEDIUM,5.0,NO,PRELIMINARY,SILVER,4.0,2026-06-22T23:58:47Z,https://cve.mitre.org/cgi-bin/cvename.cgi?name=CVE-2026-10658,https://nvd.nist.gov/vuln/detail/CVE-2026-10658
CVE-2026-54290,Medium: Hono: CORS Middleware reflects any Origin with credentials when `origin` default (CVE-2026-5,7.1,,MEDIUM,4.0,NO,PRELIMINARY,SILVER,4.0,2026-06-22T17:15:35Z,https://cve.mitre.org/cgi-bin/cvename.cgi?name=CVE-2026-54290,https://nvd.nist.gov/vuln/detail/CVE-2026-54290
CVE-2026-10789,Medium: MCP Extension Code Injection Vulnerability in Autodesk Fusion Desktop (CVE-2026-10789),9.6,,MEDIUM,4.0,NO,PRELIMINARY,SILVER,4.0,2026-06-22T17:15:25Z,https://cve.mitre.org/cgi-bin/cvename.cgi?name=CVE-2026-10789,https://nvd.nist.gov/vuln/detail/CVE-2026-10789
CVE-2026-54267,Low Phishing (CVE-2026-54267),7.5,,LOW,3.0,NO,PRELIMINARY,SILVER,4.0,2026-06-22T16:16:39Z,https://cve.mitre.org/cgi-bin/cvename.cgi?name=CVE-2026-54267,https://nvd.nist.gov/vuln/detail/CVE-2026-54267
CVE-2026-48746,Low Authentication Bypass (CVE-2026-48746),9.1,,LOW,2.0,NO,PRELIMINARY,SILVER,4.0,2026-06-22T21:57:28Z,https://cve.mitre.org/cgi-bin/cvename.cgi?name=CVE-2026-48746,https://nvd.nist.gov/vuln/detail/CVE-2026-48746
CVE-2026-54289,Low: Hono: Lambda@Edge adapter keeps only the last value of a repeated request header (CVE-2026-5428,4.8,,LOW,2.0,NO,PRELIMINARY,SILVER,4.0,2026-06-22T17:16:58Z,https://cve.mitre.org/cgi-bin/cvename.cgi?name=CVE-2026-54289,https://nvd.nist.gov/vuln/detail/CVE-2026-54289
CVE-2026-54286,Low: Hono: Path traversal in `serve-static` on Windows via encoded backslash (`%5C`) (CVE-2026-54286,5.9,,LOW,2.0,NO,PRELIMINARY,SILVER,4.0,2026-06-22T17:14:40Z,https://cve.mitre.org/cgi-bin/cvename.cgi?name=CVE-2026-54286,https://nvd.nist.gov/vuln/detail/CVE-2026-54286
CVE-2026-53540,Low: Python-Multipart: Negative Content-Length in parse_form buffers the entire body (CVE-2026-53540,3.7,,LOW,2.0,NO,PRELIMINARY,SILVER,4.0,2026-06-22T16:58:54Z,https://cve.mitre.org/cgi-bin/cvename.cgi?name=CVE-2026-53540,https://nvd.nist.gov/vuln/detail/CVE-2026-53540
CVE-2026-54285,Low: opentelemetry-js: Unbounded memory allocation in W3C Baggage propagation (CVE-2026-54285),5.3,,LOW,2.0,NO,PRELIMINARY,SILVER,4.0,2026-06-22T16:52:54Z,https://cve.mitre.org/cgi-bin/cvename.cgi?name=CVE-2026-54285,https://nvd.nist.gov/vuln/detail/CVE-2026-54285
CVE-2026-54273,Low: AIOHTTP: HTTP/1 Pipelined Requests Queue Without Limit (CVE-2026-54273),5.5,,LOW,2.0,NO,PRELIMINARY,SILVER,4.0,2026-06-22T16:41:20Z,https://cve.mitre.org/cgi-bin/cvename.cgi?name=CVE-2026-54273,https://nvd.nist.gov/vuln/detail/CVE-2026-54273
CVE-2026-54280,Low: AIOHTTP: Payload Response Resources Are Not Closed After Mid-Body Disconnect (CVE-2026-54280),2.5,,LOW,2.0,NO,PRELIMINARY,SILVER,4.0,2026-06-22T16:40:23Z,https://cve.mitre.org/cgi-bin/cvename.cgi?name=CVE-2026-54280,https://nvd.nist.gov/vuln/detail/CVE-2026-54280
CVE-2026-54278,Low: AIOHTTP: Unread Compressed Request Bodies Bypass client_max_size During Cleanup (CVE-2026-54278,5.5,,LOW,2.0,NO,PRELIMINARY,SILVER,4.0,2026-06-22T16:38:38Z,https://cve.mitre.org/cgi-bin/cvename.cgi?name=CVE-2026-54278,https://nvd.nist.gov/vuln/detail/CVE-2026-54278
CVE-2026-9539,Low Security Vulnerability (CVE-2026-9539),,,LOW,1.6,NO,PRELIMINARY,SILVER,3.0,2026-06-24T05:17:31Z,https://vulners.com/nvd/NVD:CVE-2026-9539?utm_source=rss&utm_medium=rss&utm_campaign=rss,https://nvd.nist.gov/vuln/detail/CVE-2026-9539
CVE-2026-8379,Low Security Vulnerability (CVE-2026-8379),,,LOW,1.6,NO,PRELIMINARY,SILVER,3.0,2026-06-23T07:16:21Z,https://vulners.com/nvd/NVD:CVE-2026-8379?utm_source=rss&utm_medium=rss&utm_campaign=rss,https://nvd.nist.gov/vuln/detail/CVE-2026-8379
CVE-2026-8378,Low Security Vulnerability (CVE-2026-8378),,,LOW,1.6,NO,PRELIMINARY,SILVER,3.0,2026-06-23T07:16:21Z,https://vulners.com/nvd/NVD:CVE-2026-8378?utm_source=rss&utm_medium=rss&utm_campaign=rss,https://nvd.nist.gov/vuln/detail/CVE-2026-8378
CVE-2026-8172,Low Security Vulnerability (CVE-2026-8172),,,LOW,1.6,NO,PRELIMINARY,SILVER,3.0,2026-06-23T07:16:21Z,https://vulners.com/nvd/NVD:CVE-2026-8172?utm_source=rss&utm_medium=rss&utm_campaign=rss,https://nvd.nist.gov/vuln/detail/CVE-2026-8172
CVE-2026-7842,Low Security Vulnerability (CVE-2026-7842),,,LOW,1.6,NO,PRELIMINARY,SILVER,3.0,2026-06-23T07:16:20Z,https://vulners.com/nvd/NVD:CVE-2026-7842?utm_source=rss&utm_medium=rss&utm_campaign=rss,https://nvd.nist.gov/vuln/detail/CVE-2026-7842
CVE-2026-10651,CVE-2026-10651 - Bluetooth Classic SDP parser truncation bug in bt_sdp_parse_attribute() leads to re,,,LOW,1.58,NO,PRELIMINARY,SILVER,3.0,2026-06-22T23:54:36Z,https://cvefeed.io/vuln/detail/CVE-2026-10651,https://nvd.nist.gov/vuln/detail/CVE-2026-10651
CVE-2026-54232,CVE-2026-54232 - vLLM:  Dependency Confusion Vulnerability in vLLM Dockerfile,,,LOW,1.22,NO,PRELIMINARY,SILVER,3.0,2026-06-22T22:16:43Z,https://cvefeed.io/vuln/detail/CVE-2026-54232,https://nvd.nist.gov/vuln/detail/CVE-2026-54232
CVE-2026-8720,CVE-2026-8720 - HMAC-BLAKE2 final discards message when key length exceeds block size,,,LOW,1.09,NO,PRELIMINARY,SILVER,3.0,2026-06-25T21:18:29Z,https://cvefeed.io/vuln/detail/CVE-2026-8720,https://nvd.nist.gov/vuln/detail/CVE-2026-8720
CVE-2026-11703,CVE-2026-11703 - Missing SNI/ALPN binding on stateful (session-ID) TLS session resumption,,,LOW,1.09,NO,PRELIMINARY,SILVER,3.0,2026-06-25T21:15:20Z,https://cvefeed.io/vuln/detail/CVE-2026-11703,https://nvd.nist.gov/vuln/detail/CVE-2026-11703
CVE-2026-55962,CVE-2026-55962 - TLS 1.3 post-handshake authentication: server accepts Finished without client Certi,,,LOW,1.09,NO,PRELIMINARY,SILVER,3.0,2026-06-25T21:12:38Z,https://cvefeed.io/vuln/detail/CVE-2026-55962,https://nvd.nist.gov/vuln/detail/CVE-2026-55962
CVE-2026-6331,CVE-2026-6331 - HMAC zero-length tag forgery in EVP_DigestVerifyFinal,,,LOW,1.09,NO,PRELIMINARY,SILVER,3.0,2026-06-25T20:56:25Z,https://cvefeed.io/vuln/detail/CVE-2026-6331,https://nvd.nist.gov/vuln/detail/CVE-2026-6331
CVE-2026-9539,CVE-2026-9539 - libslirp TCP URG OOB Read Information Leak,,,LOW,1.09,NO,PRELIMINARY,SILVER,3.0,2026-06-24T04:37:01Z,https://cvefeed.io/vuln/detail/CVE-2026-9539,https://nvd.nist.gov/vuln/detail/CVE-2026-9539
CVE-2026-12681,CVE-2026-12681 - Google go-attestation: Integer Overflow in parseEfiSignatureList,,,LOW,1.09,NO,PRELIMINARY,SILVER,3.0,2026-06-24T00:49:13Z,https://cvefeed.io/vuln/detail/CVE-2026-12681,https://nvd.nist.gov/vuln/detail/CVE-2026-12681
CVE-2026-12850,Low Security Vulnerability (CVE-2026-12850),,,LOW,1.04,NO,PRELIMINARY,SILVER,3.0,2026-06-24T05:17:27Z,https://vulners.com/nvd/NVD:CVE-2026-12850?utm_source=rss&utm_medium=rss&utm_campaign=rss,https://nvd.nist.gov/vuln/detail/CVE-2026-12850
CVE-2026-12851,Low Security Vulnerability (CVE-2026-12851),,,LOW,1.04,NO,PRELIMINARY,SILVER,3.0,2026-06-24T05:17:27Z,https://vulners.com/nvd/NVD:CVE-2026-12851?utm_source=rss&utm_medium=rss&utm_campaign=rss,https://nvd.nist.gov/vuln/detail/CVE-2026-12851
CVE-2026-12486,Low Security Vulnerability (CVE-2026-12486),,,LOW,1.04,NO,PRELIMINARY,SILVER,3.0,2026-06-24T05:17:26Z,https://vulners.com/nvd/NVD:CVE-2026-12486?utm_source=rss&utm_medium=rss&utm_campaign=rss,https://nvd.nist.gov/vuln/detail/CVE-2026-12486
CVE-2026-12849,Low Security Vulnerability (CVE-2026-12849),,,LOW,1.04,NO,PRELIMINARY,SILVER,3.0,2026-06-24T05:17:26Z,https://vulners.com/nvd/NVD:CVE-2026-12849?utm_source=rss&utm_medium=rss&utm_campaign=rss,https://nvd.nist.gov/vuln/detail/CVE-2026-12849
CVE-2026-57940,Low Security Vulnerability (CVE-2026-57940),,,LOW,0.89,NO,PRELIMINARY,SILVER,3.0,2026-06-26T14:17:07Z,https://vulners.com/nvd/NVD:CVE-2026-57940?utm_source=rss&utm_medium=rss&utm_campaign=rss,https://nvd.nist.gov/vuln/detail/CVE-2026-57940
CVE-2026-12488,Low Security Vulnerability (CVE-2026-12488),,,LOW,0.89,NO,PRELIMINARY,SILVER,3.0,2026-06-24T05:17:26Z,https://vulners.com/nvd/NVD:CVE-2026-12488?utm_source=rss&utm_medium=rss&utm_campaign=rss,https://nvd.nist.gov/vuln/detail/CVE-2026-12488
CVE-2026-12488,CVE-2026-12488 - GeoVision GV-VMS V20 GV-Cloud memory corruption vulnerability,,,LOW,0.89,NO,PRELIMINARY,SILVER,3.0,2026-06-24T03:34:20Z,https://cvefeed.io/vuln/detail/CVE-2026-12488,https://nvd.nist.gov/vuln/detail/CVE-2026-12488
CVE-2026-13426,Low Security Vulnerability (CVE-2026-13426),,,LOW,0.74,NO,PRELIMINARY,SILVER,3.0,2026-06-26T14:17:03Z,https://vulners.com/nvd/NVD:CVE-2026-13426?utm_source=rss&utm_medium=rss&utm_campaign=rss,https://nvd.nist.gov/vuln/detail/CVE-2026-13426
CVE-2026-13426,CVE-2026-13426 Client4 fails to validate path parameters,,,LOW,0.74,NO,PRELIMINARY,SILVER,3.0,2026-06-26T13:47:10Z,https://vulners.com/cvelist/CVELIST:CVE-2026-13426?utm_source=rss&utm_medium=rss&utm_campaign=rss,https://nvd.nist.gov/vuln/detail/CVE-2026-13426
CVE-2026-12847,Low Security Vulnerability (CVE-2026-12847),,,LOW,0.74,NO,PRELIMINARY,SILVER,3.0,2026-06-24T05:17:26Z,https://vulners.com/nvd/NVD:CVE-2026-12847?utm_source=rss&utm_medium=rss&utm_campaign=rss,https://nvd.nist.gov/vuln/detail/CVE-2026-12847
CVE-2026-12846,Low Security Vulnerability (CVE-2026-12846),,,LOW,0.74,NO,PRELIMINARY,SILVER,3.0,2026-06-24T05:17:26Z,https://vulners.com/nvd/NVD:CVE-2026-12846?utm_source=rss&utm_medium=rss&utm_campaign=rss,https://nvd.nist.gov/vuln/detail/CVE-2026-12846
CVE-2026-12848,Low Security Vulnerability (CVE-2026-12848),,,LOW,0.74,NO,PRELIMINARY,SILVER,3.0,2026-06-24T05:17:26Z,https://vulners.com/nvd/NVD:CVE-2026-12848?utm_source=rss&utm_medium=rss&utm_campaign=rss,https://nvd.nist.gov/vuln/detail/CVE-2026-12848
CVE-2026-3652,Low Security Vulnerability (CVE-2026-3652),,,LOW,0.74,NO,PRELIMINARY,SILVER,3.0,2026-06-24T04:17:06Z,https://vulners.com/nvd/NVD:CVE-2026-3652?utm_source=rss&utm_medium=rss&utm_campaign=rss,https://nvd.nist.gov/vuln/detail/CVE-2026-3652
CVE-2026-40702,CVE-2026-40702 - EVoke Systems EVoke CSMS Missing Authentication for Critical Function,,,LOW,0.66,NO,PRELIMINARY,SILVER,3.0,2026-06-25T20:59:53Z,https://cvefeed.io/vuln/detail/CVE-2026-40702,https://nvd.nist.gov/vuln/detail/CVE-2026-40702
CVE-2026-40711,"CVE-2026-40711 - Dell Dell Container Storage Modules, version(s) cs",,,LOW,0.53,NO,PRELIMINARY,SILVER,3.0,2026-06-26T12:31:00Z,https://cvefeed.io/vuln/detail/CVE-2026-40711,https://nvd.nist.gov/vuln/detail/CVE-2026-40711
CVE-2026-6329,CVE-2026-6329 - PKCS#12 MAC verification uses attacker-controlled comparison length,,,LOW,0.53,NO,PRELIMINARY,SILVER,3.0,2026-06-25T21:02:45Z,https://cvefeed.io/vuln/detail/CVE-2026-6329,https://nvd.nist.gov/vuln/detail/CVE-2026-6329
CVE-2026-6330,CVE-2026-6330 - ML-KEM ARM64 NEON ciphertext comparison only compares half of the input,,,LOW,0.53,NO,PRELIMINARY,SILVER,3.0,2026-06-25T21:01:19Z,https://cvefeed.io/vuln/detail/CVE-2026-6330,https://nvd.nist.gov/vuln/detail/CVE-2026-6330
CVE-2026-54479,CVE-2026-54479 - EVoke Systems EVoke CSMS Insufficient Session Expiration,,,LOW,0.53,NO,PRELIMINARY,SILVER,3.0,2026-06-25T20:56:37Z,https://cvefeed.io/vuln/detail/CVE-2026-54479,https://nvd.nist.gov/vuln/detail/CVE-2026-54479
CVE-2026-44622,CVE-2026-44622 - EVoke Systems EVoke CSMS Insufficiently Protected Credentials,,,LOW,0.53,NO,PRELIMINARY,SILVER,3.0,2026-06-25T20:53:17Z,https://cvefeed.io/vuln/detail/CVE-2026-44622,https://nvd.nist.gov/vuln/detail/CVE-2026-44622
CVE-2026-55654,Low Security Vulnerability (CVE-2026-55654),,,LOW,3.0,NO,PRELIMINARY,STANDARD,2.0,2026-06-23T03:37:00Z,https://cve.mitre.org/cgi-bin/cvename.cgi?name=CVE-2026-55654,https://nvd.nist.gov/vuln/detail/CVE-2026-55654
CVE-2026-12866,Low Remote Code Execution (CVE-2026-12866),,,LOW,1.0,NO,PRELIMINARY,STANDARD,2.0,2026-06-23T05:00:00Z,https://cve.mitre.org/cgi-bin/cvename.cgi?name=CVE-2026-12866,https://nvd.nist.gov/vuln/detail/CVE-2026-12866
